{"cameraMode":{"drawMode":0,"name":"Shaded","section":"Shading Mode"},"sceneLighting":false,"audioPlay":false,"sceneViewState":{"showFog":true,"showMaterialUpdate":false,"showSkybox":false,"showFlares":true,"showImageEffects":true,"showParticleSystems":true},"in2DMode":false,"pivot":{"x":0.14924773573875428,"y":0.2192533016204834,"z":-0.18649768829345704},"rotation":{"x":0.12289807200431824,"y":-0.2930668890476227,"z":0.03801541402935982,"w":0.9474014639854431},"size":0.37816527485847475,"orthographic":true}