{"cameraMode":{"drawMode":0,"name":"Shaded","section":"Shading Mode"},"sceneLighting":false,"audioPlay":false,"sceneViewState":{"showFog":true,"showMaterialUpdate":false,"showSkybox":false,"showFlares":true,"showImageEffects":true,"showParticleSystems":true},"in2DMode":false,"pivot":{"x":0.06142660975456238,"y":0.7900350093841553,"z":0.005955815315246582},"rotation":{"x":0.16746221482753755,"y":-0.36711251735687258,"z":0.06737124919891358,"w":0.9124979972839356},"size":3.5489163398742677,"orthographic":true}